Product Name,Temu Link
Canvas Tote Bag,https://www.temu.com/pt-en/1pc-helping--grow-slogan-print-womens-tote-bag-fashionable--simple-vintage-design-minimalist-commuter-shopping-bag-portable-versatile-handbag-for-school-or-work-large-capacity-tote-g-606548231294524.html
Notebook & Gift Box Set,https://www.temu.com/pt-en/personalized-a5-loose-leaf-notebook-and-gift-box-set--business-notebook-custom-corporate-notebook-with-logo-printing--business-gift-box-set-for-friends-holiday-gift--feel-gift-g-605823136814272.html
Bamboo Stylus Pen,https://www.temu.com/pt-en/3pcs--screen--pen--ball-pen-neutral-pen-student-supplies-pen-holder--creation-black--width-1-0mm-can-replace--refill-g-601099601758844.html
Forklift Phone Stand,https://www.temu.com/pt-en/1-forklift-shaped-phone-stand-3d-printed-design-durable--material-stable-desktop-holder-for--phone-models-home-office-decor-piece-ideal-for-comfortable-viewing---entertainment-g-606054108784925.html
Fringe Wool Scarf,https://www.temu.com/pt-en/-100-wool-scarf-62-99-7-87-inches-winter-warm-and-windproof-scarf-elegant-fashionable-stretchable-multi-functional--and-leisure-dressing-g-601105369822045.html
Ceramic Mug,https://www.temu.com/pt-en/im--cup-mug-gifts-for-men-women-g-601099653560588.html
Compact Travel Umbrella,https://www.temu.com/pt-en/automatic-open-and-close-folding-umbrella--with-ergonomic-handle-8-steel-ribs-portable-and-durable-folding-umbrella-for-outdoor-use-mens-business-sturdy-and-windproof-sunshade-womens-dual-use-sunshade-womens-gift-g-601103435352166.html
Cotton Tote Bag,https://www.temu.com/pt-en/3pcs-fashionable-tote-bags-plain-canvas-bags-large-capacity-multi-functional-single-shoulder-shopping-bags-and-easy-single-shoulder-canvas-bags-g-606506707746053.html
Desk Calendar,https://www.temu.com/pt-en/desk-calendar-2027-monthly-mini-desktop-calendar-standing-2027-desk-calendar-250-gsm-thick-paper-desktop-calendar-for-home-office-g-607003883740632.html
Aroma Diffuser Humidifier,https://www.temu.com/pt-en/2-pack-mini-silent-humidifier-ow-ambient--portable-large-mist-volume-moisturizing-spy-home--desktop-g-606127811039269.html
Wall Key Holder,https://www.temu.com/pt-en/-metal-forest-key-hook-wall-mounted--ideal-for-towels-hats-wallets-stylish-entryway-bathroom-decor-storage-with-mountain-and--entryway-organizer-contemporary-design-durable-metal-construction-key-holder-for-wall--g-601100960574132.html
Laptop Sleeve,https://www.temu.com/pt-en/senlasi-laptop-bag-compatible-with-blue-black-gray-13-15-6-inch-notebook-laptop-bags-formacbook-ipad---surface-notebook-laptop-briefcases-g-601100066932304.html
Metal Ballpoint Pen,https://www.temu.com/pt-en/1pc--series-ballpoint-pen-exquisitely-designed-0-5mm-black-refill-ballpoint-pen-suitable-for-men-and--office-use--diaries-signature-pen-g-601101810775414.html
Hardcover Notebook,https://www.temu.com/pt-en/lined-journal-notebook-a5-college-ruled-notebooks-for-work-hardcover-notebook-each-with-pockets-pen-leather-journal-for-women-men-160-pages-100gsm-thick-paper-g-601103392425676.html
Leather Padfolio,https://www.temu.com/pt-en/-genuine-leather-journal-cover-for--cowhide-multifunctional-organizer-with-pen-loop-business-card-holder-3-5-x5-5-pocket-for-notebooks-office-daily-use-g-601100261219610.html
Quarter-Zip Pullover,https://www.temu.com/pt-en/tang-yunshus--vintage-style-mens-casual-sporty-cable-knit-lapel-quarter-zip-sweatshirt-for-outdoor-sports-spring-autumn-wear-travel-and-vacation-comfortable-sweatshirt-g-606079157141815.html
Rain Poncho,https://www.temu.com/pt-en/rain-poncho-waterproof-raincoat-jacket-for-men-women---hooded-rain-poncho-for--with-pocket-g-605925612063870.html
Stainless Steel Water Bottle,https://www.temu.com/pt-en/500ml-high-end-stainless-steel-vacuum-cup-vacuum-insulation--and-cold-leak-proof-portable-unisex-sports-water-cup--portable-kettle--for-home-work-picnic-sports-g-605957002232075.html
Stress Ball,https://www.temu.com/pt-en/texture-pressure-ball-squeeze--multi-colored--of--ball--relax-gift--stress---sensory--for-children-soft-and-slow-recovery-texture--round-ball-squeeze--office-desk-stress-relief-gadget-random-g-605889406808057.html
Travel Coffee Tumbler,https://www.temu.com/pt-en/40oz--with-a-leak-proof-straw-lid-g-601099582869965.html
Custom Initials Brooch,https://www.temu.com/pt-en/custom-initials-brooch-personalized-single-button-stainless-steel-brooch-custom-jewelry-for-suits-and-shirts-unisex-accessory-ideal-for-daily-wear-banquets-and-business-occasions---g-601103187621871.html
